Repo,PR,Model,Diff number,Category,Class label,Output,Stat,Reason
storm+struts,448+252,gpt-4o,2,instanceof SessionAware/RequestAware,security,not,FN,"The changes in the diff file involve adding a new check and method call for the SessionAware interface. This does not directly impact critical security components such as authentication mechanisms, encryption algorithms, access control procedures, or logging levels related to security events. The modification appears to be an enhancement for session handling, which does not necessitate re-running the security tests. "
storm+struts,448+252,gpt-4o,6,instanceof ServletRequestAware/ServletResponseAware,security,not,FN,"The changes in the diff file involve adding a new conditional block that checks if the action is an instance of org.apache.struts2.action.ServletRequestAware and then sets the servlet request. This change does not directly impact critical security components such as authentication mechanisms, encryption algorithms, access control procedures, or logging levels related to security events. Therefore, re-running the security tests is not necessary. "
storm+struts,448+252,gpt-4o,10,instanceof ServletResponseAware/ParameterAware,security,not,FN,"The changes in the diff file involve adding a new conditional block that checks if the action is an instance of org.apache.struts2.action.ServletResponseAware and then sets the servlet response. This change does not directly affect critical security components such as authentication mechanisms, encryption algorithms, access control procedures, or logging levels related to security events. Therefore, re-running the security tests is not necessary. "
storm+struts,448+252,gpt-4o,15,instanceof ApplicationAware/SessionAware,security,not,FN,"The changes in the diff file involve adding a conditional block that checks if the 'action' is an instance of 'org.apache.struts2.action.ApplicationAware' and then calls the 'withApplication' method. This change does not directly affect critical security components such as authentication mechanisms, encryption algorithms, access control procedures, or logging levels related to security events. Therefore, re-running the security tests is not necessary. "
storm+struts,448+252,gpt-4o,19,instanceof PrincipalAware/ServletContextAware,security,security,TP,"The changes in the diff file introduce new logic related to the handling of principal information within the HttpServletRequest. Specifically, the code now checks if the action is an instance of org.apache.struts2.action.PrincipalAware and sets the principal proxy accordingly. This directly affects the authentication mechanism, which is a critical security component. Given the importance of authentication in ensuring system security, it is necessary to re-run the security tests to verify that these changes do not introduce any vulnerabilities or issues. "
storm+struts,448+252,gpt-4o,21,instanceof PrincipalAware/PortletContextAware,security,security,TP,"The changes in the diff file introduce a new conditional block that affects the handling of the PrincipalProxy for actions implementing the PrincipalAware interface. This directly impacts the authentication mechanism, as it modifies how the principal (user identity) is set within the application. Given that authentication is a critical security component, it is essential to re-run the security tests to ensure that these changes do not introduce any vulnerabilities or unintended behaviors. "
storm+struts,448+252,gpt-4o,22,method name change,security,not,FN,"The changes in the diff file are primarily related to package imports and a method name change. The import change from 'org.apache.struts2.osgi.interceptor.BundleContextAware' to 'org.apache.struts2.osgi.action.BundleContextAware' and the method name change from 'setBundleContext' to 'withBundleContext' do not directly impact critical security components such as authentication mechanisms, encryption algorithms, access control procedures, or logging levels related to security events. Therefore, re-running the security tests is not necessary. "
storm+struts,448+252,gpt-4o,25,instanceof BundleContextAware,security,not,FN,"The changes in the diff file involve adding a conditional check and method call related to the BundleContextAware interface. These modifications do not directly impact critical security components such as authentication mechanisms, encryption algorithms, access control procedures, or logging levels related to security events. Therefore, re-running the security tests is not necessary. "
storm+struts,448+252,gpt-4o,28,adding support for another interface,security,not,FN,"The changes in the diff file are related to the handling of cookies in the CookieInterceptor class. Specifically, the changes involve adding support for a different implementation of the CookiesAware interface (org.apache.struts2.action.CookiesAware). This does not directly impact critical security components such as authentication mechanisms, encryption algorithms, access control procedures, or logging levels related to security events. Therefore, re-running the security tests is not necessary. "
storm+struts,448+252,gpt-4o,32,instanceof PortletContextAware/PortletPreferencesAware,security,not,FN,"The changes in the diff file involve adding a new conditional block that checks if the action is an instance of 'org.apache.struts2.portlet.action.PortletContextAware' and then sets the PortletContext. This modification does not directly affect critical security components such as authentication mechanisms, encryption algorithms, access control procedures, or logging levels related to security events. Therefore, re-running the security tests is not necessary. "
storm+struts,448+252,gpt-4o,35,instanceof PortletPreferencesAware,security,not,FN,"The changes in the diff file primarily involve formatting adjustments, reordering of import statements, and minor code refactoring. There are no modifications to critical security components such as authentication mechanisms, encryption algorithms, access control procedures, or logging levels related to security events. The added code block is a duplicate of an existing block with a different class reference, which does not introduce new security risks. "
storm+struts,448+252,gpt-4o,38,instanceof PortletRequestAware/PortletResponseAware,security,not,FN,"The changes in the diff file involve adding a new conditional block that sets the PortletRequest for actions implementing the org.apache.struts2.portlet.action.PortletRequestAware interface. This modification does not directly impact critical security components such as authentication mechanisms, encryption algorithms, access control procedures, or logging levels related to security events. Therefore, re-running the security tests is not necessary. "
storm+struts,448+252,gpt-4o,42,instanceof PortletResponseAware/PrincipalAware,security,not,FN,"The changes in the diff file involve adding a new conditional block that checks if the action is an instance of org.apache.struts2.portlet.action.PortletResponseAware and then sets the PortletResponse. This modification does not directly affect critical security components such as authentication mechanisms, encryption algorithms, access control procedures, or logging levels related to security events. Therefore, re-running the security tests is not necessary. "
storm+struts,448+252,gpt-4o,47,deprecated,not,not,TN,"The changes in the diff file are limited to a comment update, specifically changing the reference from 'HttpParametersAware' to 'org.apache.struts2.action.ParametersAware'. This does not affect any critical security components such as authentication mechanisms, encryption algorithms, access control procedures, or logging levels related to security events. "
storm+struts,448+252,gpt-4o,49,Init ParamteresAware with context.getParameters,security,security,TP,"The changes in the diff file introduce a new interface, ParametersAware, and add a new method call, withParameters, to the ServletConfigInterceptor class. This modification directly affects how parameters are handled and passed to actions, which is a critical component of the system's security, particularly in terms of input validation and potential injection attacks. Given the importance of parameter handling in maintaining secure operations, it is necessary to re-run the security tests to ensure that these changes do not introduce any vulnerabilities. "
storm+struts,448+252,gpt-4o,52,refactor,not,security,FP,"The changes in the diff file include modifications to the OsgiInterceptor class, which is responsible for injecting BundleContext and services into actions. These changes involve the addition of new methods for injecting services and handling deprecated interfaces. Given that the OsgiInterceptor class is a critical component for managing service injections and context awareness, these changes could potentially impact the security of the system. Specifically, the modifications could affect how services are injected and managed, which could have implications for access control and service integrity. Therefore, it is important to re-run the security tests to ensure that these changes do not introduce any vulnerabilities or security issues. "
storm+struts,448+252,gpt-4o,54,Simple class implementation storing a services parameter,not,not,TN,"The diff file indicates the addition of a new file, `ServiceAction.java`, which contains a class implementing basic getter and setter methods for a list of services. There are no changes to critical security components such as authentication mechanisms, encryption algorithms, access control procedures, or logging levels related to security events. Additionally, the context provided does not indicate any methods being called that would impact security. Therefore, re-running the security tests is not necessary. "
storm+struts,448+252,gpt-4o,56,refactor (change method name),not,not,TN,"The changes in the diff file are primarily related to package imports and a method name change. The import change from 'org.apache.struts2.util.ServletContextAware' to 'org.apache.struts2.action.ServletContextAware' does not indicate a modification to critical security components such as authentication mechanisms, encryption algorithms, access control procedures, or logging levels related to security events. Similarly, the method name change from 'setServletContext' to 'withServletContext' does not affect the functionality or security of the system. Therefore, re-running the security tests is not necessary. "
storm+struts,448+252,gpt-4o,57,refactor (change method name),not,not,TN,"The changes in the diff file are primarily related to package imports and a method name change. The import change from 'org.apache.struts2.util.ServletContextAware' to 'org.apache.struts2.action.ServletContextAware' and the method name change from 'setServletContext' to 'withServletContext' do not directly impact critical security components such as authentication mechanisms, encryption algorithms, access control procedures, or logging levels related to security events. Therefore, re-running the security tests is not necessary. "
storm+struts,448+252,gpt-4o,59,instanceof ServletContextAware,security,not,FN,"The changes in the diff file involve adding a new block of code that sets the ServletContext for actions implementing the org.apache.struts2.action.ServletContextAware interface. This change does not directly affect critical security components such as authentication mechanisms, encryption algorithms, access control procedures, or logging levels related to security events. Therefore, re-running the security tests is not necessary. "
storm+struts,448+252,gpt-4o,1,Access Control List modification,security,security,TP,"The addition of the 'NIMBUS_IMPERSONATION_ACL' configuration entry and its associated schema 'ConfigValidation.MapOfStringToMapValidator' directly impacts access control procedures. Impersonation ACLs (Access Control Lists) are critical for defining which users or services can impersonate others, which is a significant security concern. Any changes in this area could potentially introduce vulnerabilities or require validation to ensure that the new ACLs are correctly enforced and do not inadvertently grant excessive permissions. "
storm+struts,448+252,gpt-4o,2,New validator,security,not,FN,"The changes in the diff file involve the addition of a new validator for a map of strings to a map of strings to a list. This change does not directly affect critical security components such as authentication mechanisms, encryption algorithms, access control procedures, or logging levels related to security events. Therefore, re-running the security tests is not necessary. "
storm+struts,448+252,gpt-4o,3,asUser,security,security,TP,"The changes in the diff file introduce a new method `submitTopologyAs` that includes an additional parameter `asUser`, which is used to specify the user under which the topology should be submitted. This change directly impacts the authentication and authorization mechanisms of the system. Additionally, the changes modify existing methods to use this new parameter, which could affect access control procedures. Given the critical nature of these components, it is essential to re-run the security tests to ensure that the new functionality does not introduce any security vulnerabilities. "
storm+struts,448+252,gpt-4o,5,logging/principal handling,security,security,TP,"The changes in the diff file introduce new methods and variables related to authentication and impersonation, which are critical security components. Specifically, the addition of the 'realPrincipal' variable, methods 'setRealPrincipal', 'realPrincipal', and 'isImpersonating', and the logging mechanism could have significant implications on the security of the system. These changes need to be thoroughly tested to ensure they do not introduce any vulnerabilities or unintended behaviors. "
storm+struts,448+252,gpt-4o,6,empty line,not,not,TN,"The changes in the provided diff file are minor and do not affect critical security components such as authentication mechanisms, encryption algorithms, access control procedures, or logging levels related to security events. The modifications are limited to the removal of a blank line and the addition of a blank line, which do not have any impact on the functionality or security of the system. "
storm+struts,448+252,gpt-4o,7,additional parameter in function declaration,not,not,TN,"The changes in the diff file are primarily related to method signature modifications and the addition of unused parameters. The core functionality of the method, which involves creating a framed transport, remains unchanged. There are no direct modifications to critical security components such as authentication mechanisms, encryption algorithms, access control procedures, or logging levels related to security events. Therefore, re-running the security tests is not necessary. "
storm+struts,448+252,gpt-4o,8,asUser,security,security,TP,"The changes in the diff file modify the method signature of `doConnectWithRetry` to include an additional parameter `asUser`. This parameter is then passed to the `connect` method of the `ITransportPlugin` interface. Given that this change affects the authentication mechanism by potentially altering how user credentials are handled during the connection process, it is critical to re-run the security tests. This ensures that the new parameter does not introduce any vulnerabilities or bypass existing security controls. "
storm+struts,448+252,gpt-4o,9,asUser,security,security,TP,"The changes in the diff file introduce a new parameter '_asUser' to the ThriftClient class, which is used in the connection retry mechanism. This modification directly affects the authentication mechanism by potentially altering how user credentials are handled during the connection process. Given the critical nature of authentication in system security, it is essential to re-run the security tests to ensure that the new parameter does not introduce any vulnerabilities or bypass existing security controls. "
storm+struts,448+252,gpt-4o,10,adding ImpersonationAuthorizer class,security,security,TP,"The diff file introduces a new class `ImpersonationAuthorizer` which directly impacts the access control procedures. This class includes methods for preparing and permitting impersonation, which are critical security components. The changes involve handling user impersonation, checking authorized hosts and groups, and logging impersonation attempts. Given the significance of these changes to the security mechanisms, it is essential to re-run the security tests to ensure that the new implementation does not introduce any vulnerabilities or issues. "
storm+struts,448+252,gpt-4o,12,asUser,not,security,FP,"The changes in the diff file modify the method signature of the 'connect' method in the DigestSaslTransportPlugin class by adding a new parameter 'asUser'. This method is part of the authentication mechanism, which is a critical security component. Any changes to authentication mechanisms can have significant security implications, and therefore, it is necessary to re-run the security tests to ensure that the modifications do not introduce vulnerabilities or affect the existing security posture. "
storm+struts,448+252,gpt-4o,13,authorization/authentication,security,security,TP,"The changes in the diff file directly affect the authentication mechanism. Specifically, the logging level has been changed from DEBUG to INFO, which could expose sensitive information in logs. Additionally, there are new conditions and logic added to handle authorization IDs, including setting the real user in the request context's subject. These changes have significant implications for authentication and authorization processes, which are critical security components. "
storm+struts,448+252,gpt-4o,14,asUser,security,security,TP,"The changes in the diff file affect critical security components, specifically the authentication mechanism. The modifications include changes to the `connect` method signature, which now takes an additional `asUser` parameter. This parameter is used to determine the principal, which is a crucial part of the authentication process. Additionally, the logging level for the principal has been changed from DEBUG to INFO, which could expose sensitive information. These changes warrant a re-run of the security tests to ensure that the authentication mechanism remains secure and that no sensitive information is inadvertently exposed. "
storm+struts,448+252,gpt-4o,15,authorization/authentication,security,security,TP,"The changes in the diff file directly affect the authentication mechanism, specifically the handling of the AuthorizeCallback. The modifications include logging changes, setting the authorization ID if it is not set, and handling cases where the authentication ID and authorization ID are different, which involves setting the real user in the ReqContext's subject. These changes are critical to the security of the system as they impact how users are authenticated and authorized, and how impersonation is handled. Given the importance of these components, re-running the security tests is necessary to ensure that the changes do not introduce any vulnerabilities. "
storm+struts,448+252,gpt-4o,16,additinal null to super,security,security,TP,"The change in the constructor of the DRPCClient class involves an additional parameter being passed to the superclass constructor. This modification could potentially affect the initialization and behavior of the ThriftClient, which is a critical component for remote procedure calls. Given that DRPCClient is likely involved in distributed communication, any changes to its initialization parameters could have security implications, such as affecting authentication, encryption, or access control mechanisms. "
storm+struts,448+252,gpt-4o,17,asUser,security,security,TP,"The changes in the diff file introduce a new method `getConfiguredClientAs` and modify existing constructors to include an `asUser` parameter. These changes directly impact the authentication mechanism by allowing the configuration of a client as a specific user. This could have significant security implications, such as potential unauthorized access or privilege escalation. Given the critical nature of authentication mechanisms, it is essential to re-run the security tests to ensure that these changes do not introduce any vulnerabilities. "
storm+struts,448+252,gpt-4o,18,adding HiveBolt class,security,not,FN,"The provided diff file introduces a new file, HiveBolt.java, which primarily deals with Hive integration in a Storm topology. The changes include setting up connections, handling Kerberos authentication, managing writers, and handling tuples. While the code does touch on authentication (Kerberos), it does not modify existing authentication mechanisms but rather introduces a new component. The changes do not directly affect critical security components such as existing authentication mechanisms, encryption algorithms, access control procedures, or logging levels related to security events. Therefore, re-running the security tests on this diff file is not necessary. "
storm+struts,448+252,gpt-4o,19,adding DelimitedRecordHiveMapper class,not,not,TN,"The changes in the diff file involve the addition of a new class `DelimitedRecordHiveMapper` which primarily deals with mapping records and partitions for Hive. There are no modifications to critical security components such as authentication mechanisms, encryption algorithms, access control procedures, or logging levels related to security events. The new class focuses on data formatting and writing, which does not directly impact system security. "
storm+struts,448+252,gpt-4o,21,adding JsonRecordHiveMapper class,not,not,TN,"The changes in the diff file involve the addition of a new file, JsonRecordHiveMapper.java, which primarily deals with mapping records and partitions for Hive. The modifications do not directly affect critical security components such as authentication mechanisms, encryption algorithms, access control procedures, or logging levels related to security events. Therefore, re-running the security tests is not necessary. "
storm+struts,448+252,gpt-4o,22,adding HiveOptions class,not,security,FP,The newly added file `HiveOptions.java` includes methods and properties related to Kerberos authentication (`kerberosPrincipal` and `kerberosKeytab`). Kerberos is a critical security component used for authentication. Any changes or additions involving authentication mechanisms warrant a re-run of security tests to ensure there are no vulnerabilities or misconfigurations that could be exploited. 
storm+struts,448+252,gpt-4o,23,adding HiveUtils class,security,security,TP,"The diff file introduces a new file `HiveUtils.java` which contains critical security-related changes, specifically the `authenticate` method that handles Kerberos authentication. This method is crucial for ensuring secure access control and authentication. Given that the context shows this method is used in `HiveBolt` and `HiveState` classes, which are part of the system's core functionality, it is essential to re-run the security tests to ensure that the new authentication mechanism does not introduce any vulnerabilities or issues. "
storm+struts,448+252,gpt-4o,25,adding HiveState class,security,security,TP,"The newly added file `HiveState.java` includes several critical security components that warrant re-running the security tests. Specifically, the code handles Kerberos authentication, which is a critical authentication mechanism. The `prepare` method checks for Kerberos credentials and attempts to authenticate using them. Additionally, the code involves handling of user group information (`UserGroupInformation`), which is crucial for access control. Given the importance of these components in maintaining system security, it is essential to re-run the security tests to ensure that the new code does not introduce any vulnerabilities. "
storm+struts,448+252,gpt-4o,26,HiveStateFactory,not,not,TN,"The changes in the provided diff file involve the addition of a new class `HiveStateFactory` in the `org.apache.storm.hive.trident` package. This class implements the `StateFactory` interface and includes methods for setting options and creating a new state. The changes do not directly affect critical security components such as authentication mechanisms, encryption algorithms, access control procedures, or logging levels related to security events. Therefore, re-running the security tests is not necessary based on these changes. "
storm+struts,448+252,gpt-4o,27,HiveUpdater,not,not,TN,"The changes in the provided diff file involve the addition of a new class `HiveUpdater` which extends `BaseStateUpdater` and overrides the `updateState` method. This class is related to state updating in a Trident topology and does not directly affect critical security components such as authentication mechanisms, encryption algorithms, access control procedures, or logging levels related to security events. Therefore, re-running the security tests is not necessary based on these changes. "
storm+struts,448+252,gpt-4o,28,test class,not,not,TN,"The changes in the provided diff file are related to the addition of a new utility class for setting up Hive in a test environment. The modifications do not directly affect critical security components such as authentication mechanisms, encryption algorithms, access control procedures, or logging levels related to security events. The changes are confined to test utilities and do not impact the core functionality or security of the system. "
storm+struts,448+252,gpt-4o,29,test class,not,not,TN,"The provided diff file introduces a new test file for a Hive topology in the Apache Storm project. The changes are confined to adding a new test class and do not modify any existing authentication mechanisms, encryption algorithms, access control procedures, or logging levels related to security events. Since the changes are isolated to a new test file and do not impact critical security components, re-running the security tests is not necessary. "
storm+struts,448+252,gpt-4o,30,test class,not,not,TN,"The provided diff file introduces a new test file for the HiveTopologyPartitioned class. The changes are related to adding a new test topology and do not modify any existing critical security components such as authentication mechanisms, encryption algorithms, access control procedures, or logging levels related to security events. Since the changes are confined to a new test file and do not impact the core security functionalities, re-running the security tests is not necessary. "
storm+struts,448+252,gpt-4o,33,TridentHiveTopology,not,not,TN,"The provided diff file introduces a new test file for the TridentHiveTopology class. The changes are related to setting up a topology for testing purposes and do not modify any existing authentication mechanisms, encryption algorithms, access control procedures, or logging levels related to security events. Since the changes are confined to a new test file and do not impact critical security components, re-running the security tests is not necessary. "
storm+struts,448+252,gpt-4o,34,public to private,not,not,TN,"The changes in the diff file are related to the visibility of the method `getSqlTypeName` and a minor modification in the comparison logic. The method was changed from public to private, which reduces its accessibility and can be seen as a minor security improvement. The comparison logic change from `==` to `equals` does not have a direct impact on critical security components such as authentication mechanisms, encryption algorithms, access control procedures, or logging levels related to security events. Therefore, re-running the security tests is not necessary. "
storm+struts,448+252,gpt-4o,36,log.info to log.debug,not,not,TN,"The only change in the diff file is the logging level from INFO to DEBUG for a specific log message. This change does not directly affect critical security components such as authentication mechanisms, encryption algorithms, access control procedures, or logging levels related to security events. Therefore, re-running the security tests is not necessary. "
storm+struts,448+252,gpt-4o,37,Access Control List modification,security,security,TP,"The changes introduce a new configuration parameter related to authorization, specifically 'NIMBUS_IMPERSONATION_AUTHORIZER' and its schema. This directly impacts the access control procedures, which are critical security components. Given the importance of authorization in maintaining system security, it is necessary to re-run the security tests to ensure that the new configuration does not introduce any vulnerabilities or misconfigurations. "
storm+struts,448+252,gpt-4o,38,adding wildcard for authorization,security,security,TP,"The changes in the diff file directly affect the access control procedures within the ImpersonationAuthorizer class. Specifically, the introduction of the wildcard '*' in the methods isAllowedToImpersonateFromHost and isAllowedToImpersonateUser can significantly alter the authorization logic, potentially allowing broader access than intended. This modification impacts critical security components and warrants re-running the security tests to ensure that the new logic does not introduce vulnerabilities or unintended access permissions. "
storm+struts,448+252,gpt-4o,39,removing ImpersonationAuthorizer and its usage,security,security,TP,"The diff file shows the removal of the ImpersonationAuthorizer component, which is a critical part of the authorization mechanism. This component was responsible for checking if an impersonation operation is permitted. Removing this check could potentially allow unauthorized impersonation, which is a significant security risk. Given the importance of this component in the security architecture, it is necessary to re-run the security tests to ensure that the system remains secure after these changes. "
storm+struts,448+252,gpt-4o,40,logging impersonation attempts,not,not,TN,"The changes in the diff file are primarily related to logging messages. The modifications include adding spaces in log messages and adding a new log statement for impersonation attempts. These changes do not directly affect critical security components such as authentication mechanisms, encryption algorithms, access control procedures, or logging levels related to security events. Therefore, re-running the security tests is not necessary. "
storm+struts,448+252,gpt-4o,41,adding doAsUser,security,security,TP,"The changes in the diff file directly affect the authentication mechanism by modifying how user principals are set and how the 'doAsUser' parameter is handled. These changes can have significant security implications, such as potential privilege escalation or improper user authentication. Given the critical nature of these modifications, it is essential to re-run the security tests to ensure that the new implementation does not introduce vulnerabilities. "
storm+struts,448+252,gpt-4o,42,redirecting from method to another,security,not,FN,"The change in the diff file involves a modification to the method call within the submitTopology method, specifically adding a call to submitTopologyAs with an additional null parameter. This change does not directly affect critical security components such as authentication mechanisms, encryption algorithms, access control procedures, or logging levels related to security events. Therefore, re-running the security tests is not necessary. "
storm+struts,448+252,gpt-4o,43,logging to reporting,not,security,FP,"The changes in the diff file modify the error handling mechanism in the KafkaBolt class. Specifically, the code now calls `collector.reportError(ex)` and `collector.fail(input)` instead of just logging the error. This change affects how errors are reported and handled, which can have implications for system security, particularly in terms of logging and error management. Proper error handling is crucial for maintaining the integrity and security of the system, as it can impact the detection and response to security incidents. "
storm+struts,448+252,gpt-4o,45,adding principals based on username,security,security,TP,"The changes in the diff file directly affect the authentication mechanism by modifying how the Subject is created and set in the context. Specifically, the creation of the Subject now includes a set of principals, which could impact the authentication process and potentially introduce security vulnerabilities or changes in behavior. Given the critical nature of authentication mechanisms, it is essential to re-run the security tests to ensure that these changes do not introduce any security issues. "